{
  "metaTitle": "Expert Dryer Vent Cleaning Service - Call Now!",
  "metaDescription": "Star Dryer Vent Cleaning provides professional dryer vent cleaning services in Ohio. Call (888) 271-6884.",
  "metaCanonical": "urlof the site",
  "bannerQuote": "Welcome to",
  "bannerImage": "plumber-cleaning-clogged-pipe.webp",
  "h1Banner": "About Us",
  "p1Banner": "We will Make Your Dryer Vent Look Like New!",
  "p2":"Kleanr is a leading plumbing company in the USA, proudly family-owned and operated. With years of experience under our belt, we are fully licensed, verified, and committed to delivering top-quality plumbing services across the nation. Our team of skilled professionals is dedicated to providing reliable, efficient, and affordable solutions for all your plumbing needs. We take pride in our work, treating every home and business as if it were our own, ensuring the highest level of care and attention to detail.",
  "h2Image":"plumber-cleaning-clogged-pipe.webp",
  "missionSection":[
    {
      "title": "Our Mission",
    "description": "To provide exceptional plumbing services with integrity, reliability, and professionalism, ensuring customer satisfaction in every project we undertake. We aim to build lasting relationships with our clients through transparency and trust."
    },
    {
      "title": "Our Vision",
    "description": "To be the most trusted and respected plumbing company in the USA, known for our commitment to quality and customer care. We strive to set the standard for excellence in the plumbing industry."
    },
    {
      "title": "Our Expertise",
    "description": "With expertise in all areas of plumbing, from emergency repairs to large-scale installations, we bring decades of experience and industry knowledge to every job, ensuring the best possible outcomes for our clients. Our team continually updates their skills to stay ahead of industry trends and technologies."
    }
  ],
  "areaweserveSection":{
    "description": "We serve all across the USA",
    "linkText":"Check our plumbing service locations here.",
    "link":"/locations"
  }

  
}
