{
"metaTitle": "Expert Dryer Vent Cleaning Service - Call Now!",
  "metaDescription": "Star Dryer Vent Cleaning provides professional dryer vent cleaning services in Ohio. Call (888) 271-6884.",
  "metaCanonical": "urlof the site",
  "bannerQuote": "",
  "bannerImage": "plumber-cleaning-clogged-pipe.webp",
  "h1Banner": "Contact Us For All plumbing Needs!",
  "p1Banner": "",
  "h2Image": "team-working-on-pipes.jpg.webp",
  "h2": "Get in touch with Kleanr",
  "p2":"At Kleanr, we’re committed to providing exceptional plumbing services to homes and businesses across the USA. Whether you have a quick question, need a detailed quote, or require emergency plumbing assistance, our dedicated team is here to support you every step of the way. We understand that plumbing issues can arise at any time, and we’re always ready to help you with prompt, reliable, and professional service.",
  "h3": "Request a Free Quote",
  "p3":"Planning a plumbing project or need an estimate for repairs? We offer free, no-obligation quotes to help you make informed decisions. Simply call us [contact_number] and we’ll get back to you as soon as possible with a detailed estimate. Our goal is to provide transparent pricing and clear communication, so you know exactly what to expect.",
  "h3Image":"repairman-directing-flashlight-on-pipe-under-sink.webp",
  "ctaText":"Your satisfaction is our success. We look forward to serving you soon! Call Us  (888) 271-6884"
  
}