{
  "metaTitle": "Expert Dryer Vent Cleaning Service - Call Now!",
  "metaDescription": "Star Dryer Vent Cleaning provides professional dryer vent cleaning services in Ohio. Call (888) 271-6884.", 
  "metaCanonical": "urlof the site", 
  "bannerQuote": "",
  "bannerImage": "plumber-cleaning-clogged-pipe.webp",
  "h1Banner": "Top-Rated Plumbing Company Since 1983",
  "p1Banner": "Reliable Plumbing Services, Anytime, Anywhere!",
  "h2": "Trusted Local Plumbers in the USA: Quality Service You Can Count On",
  "p2": "Welcome to Kleanr, your go-to provider for top-tier plumbing services across the USA. Our family-owned business is licensed, bonded, and insured, ensuring that you receive only the best in quality and safety from our adept plumbing experts.<br/><br/>Whether it's a minor repair, a major installation, or an emergency service. Our experienced professionals ensure your home or business stays comfortable, safe, and fully functional.<br/><br/>ity service every time. Our expert plumbers are skilled and equipped with the latest tools and technology. On our platform, you can easily request a free quote. Just give us a call at [contact_number], and we’ll take care of the rest.",
  "h2Image": "plumbing-pipes-and-maintenance-with-man-in-kitchen.webp",
  "processSection": {
    "title": "Our Process",
    "processData": [
      {
        "title": "Initial Consultation",
        "description": "Our process begins with a thorough consultation where we assess your plumbing needs. During this step, we listen to your concerns, evaluate the situation, and provide you with a detailed estimate that outlines the scope of work, costs, and timeline."
      },
      {
        "title": "Expert Diagnosis",
        "description": "Once we understand your needs, our skilled plumbers conduct a comprehensive diagnosis of the issue. We use advanced tools and techniques to identify the root cause of the problem, ensuring that we address not just the symptoms but the underlying issue."
      },
      {
        "title": "Professional Service",
        "description": " After diagnosing the problem, our team carries out the necessary repairs or installations with precision and care. We pride ourselves on our attention to detail and commitment to quality workmanship, ensuring that the job is done right the first time."
      },
      {
        "title": "Follow-Up Support",
        "description": "Our relationship with you doesn’t end when the job is done. We provide follow-up support to ensure everything is working as it should be. Whether it’s a routine check or addressing any additional concerns, we’re here to ensure your long-term satisfaction."
      }
    ]
  },
  "whyChooseSection": {
    "title": "Kleanr?",
    "whyChooseData": [
      {
        "title": "Experienced Professionals",
        "imageUrl": "Comprehensive-Services.svg",
        "description": "We have decades of experience solving all plumbing challenges, big or small."
      },
      {
        "title": "24/7 Emergency Services",
        "imageUrl": "Quick-Turnaround.png",
        "description": "No hidden fees or surprise charges. Our pricing is transparent, and we offer multiple packages to suit different budgets."
      },
      {
        "title": "Licensed and Insured",
        "imageUrl": "licenced.svg",
        "description": "Our dedicated team of plumbers are fully licensed and insured for your peace of mind."
      },
      {
        "title": "Reliable and Trustworthy",
        "imageUrl": "Expert-Team.png",
        "description": "We pride ourselves on providing dependable, honest service that you can count on every time."
      },
      {
        "title": "Affordable Pricing",
        "imageUrl": "Transparent-Pricing.png",
        "description": "Our quality plumbing solutions at fair and competitive rates ensures you get the best price in the market."
      },
      {
        "title": "Customer Satisfaction Guaranteed",
        "imageUrl": "Customer-Support.png",
        "description": "We’re committed to your complete satisfaction, offering top-notch service with a smile."
      }
    ]
  },
  "hourCtaSection": {
    "title": " We&apos;re Available 24*7 Hrs At<br />Your Service. Reach Us Today!"
  },
  "h3": "Need Professional Plumber for All Your Plumbing Needs",
  "p3": "When it comes to reliable plumbing services in the USA, Kleanr is the name you can trust. <br/><br/>Whether you’re looking for routine maintenance, emergency repairs, or a complete plumbing overhaul, our team is ready to provide the expert service you deserve. Contact us today to get a free quote, and let us show you why we’re the best choice for all your plumbing needs.",
  "h3Image": "standing-and-holding-notepad-plumber-in-blue-uniform.webp",
  "faq": [
    {
      "ques": "What types of events or projects can benefit from temporary fencing?",
      "ans": "Temporary fencing is ideal for a variety of events and projects, including construction sites, outdoor concerts, festivals, sporting events, and more. Whether you need construction site fencing, crowd control barriers, or portable event barriers, we've got you covered."
    },
    {
      "ques": "How long can I rent temporary fencing for?",
      "ans": "We offer flexible rental durations to accommodate your project's needs. Whether you need temporary safety fencing for a short-term event or worksite fencing for a long-term construction project, wdve got rental options to suit your timeline."
    },
    {
      "ques": "What materials are used in your temporary fencing panels?",
      "ans": "Yes, our temporary fences are designed for hassle-free installation and removal. Our expert team handles everything, from setting up construction barrier fences to providing pedestrian barrier rental services. We ensure efficient installation and removal to minimize disruptions to your project or event."
    },
    {
      "ques": "What is the difference between a plumber and a drain cleaner?",
      "ans": "A plumber is a professional who specializes in cleaning drains, while a drain cleaner is a person who cleans drains."
    }
  ],
  "testimonials":[
    {
      "id": 1,
      "name": "Sarah Johnson",
      "content":
        "I’m beyond impressed with the service I received! The plumber was not only punctual but also extremely thorough. The work was completed efficiently, and the site was left spotless. I truly appreciate the professionalism and dedication to getting the job done right. I highly recommend them to my family members and friends!"
    },
    {
      "id": 2,
      "name": "Mark Thompson",
      "content":
        "Professional from start to finish. The team was prompt, efficient, and reasonably priced. They really listened to our concerns and provided a long-term solution, not just a quick fix."
    },
    {
      "id": 3,
      "name": "Amanda Lee",
      "content":
        "This company exceeded my expectations! The plumber was on time, very knowledgeable, and quickly identified the cause of our leaking faucet. He worked swiftly and left no mess behind. The entire process was stress-free, and the quality of work was outstanding. I will definitely be using their services for any future plumbing needs."
    },
    {
      "id": 4,
      "name": "John Davis.",
      "content":
        "Very reliable service. Honestly, their work was excellent. They repaired my toilet quickly and efficiently. I have no more words, just say their plumber arrived on time and handled everything with expertise. I’ll definitely be calling them next time."
    },
    {
      "id": 5,
      "name": "Emily Wilson",
      "content":
        "I was impressed right from the initial phone call. They responded quickly to our emergency and had a plumber at our door in no time. He was professional, courteous, and very efficient in resolving the issue."
    },
    {
      "id": 6,
      "name": "David Roberts",
      "content":
        "I had an emergency late at night, and they came through. Fixed the burst pipe quickly and efficiently. Their prompt response and professionalism were much appreciated. Excellent work with genuine cost!"
    }
  ]
}
