{
  "metaTitle": "Expert Dryer Vent Cleaning Service - Call Now!",
  "metaDescription": "Star Dryer Vent Cleaning provides professional dryer vent cleaning services in Ohio. Call (888) 271-6884.",
  "metaCanonical": "url of the site",
  "bannerQuote": "Increase your Laundry Efficiency & Enjoy a Dust-Free Home with",
  "bannerImage": "plumber-cleaning-clogged-pipe.webp",
  "h1Banner": "Star Dryer Vent Cleaning in USA",
  "p1Banner": "We will Make Your Dryer Vent Look Like New!" ,
  "areatitle": "Area We Serve"
}