
  [
        {
          "title": "Water Heaters Repair and Installation",
          "imageUrl": "the-technician-checking-the-heating-system.webp",
          "description": "Expert repair and installation for reliable, efficient hot water in your home or business. We ensure your water heater operates at peak performance for years to come."
        },
        {
          "title": "Tankless Water Heaters",
          "imageUrl": "the-technician-checking-the-heating-system.webp",
          "description": "On-demand hot water solutions that save energy and space with professional installation. Enjoy endless hot water while reducing your energy bills with our tankless water heater services."
        },
        {
          "title": "Water Recirculation Pumps",
          "imageUrl": "the-technician-checking-the-heating-system.webp",
          "description": "Ensure instant hot water at every tap with our reliable recirculation pump services. Say goodbye to waiting for hot water and enjoy the convenience of immediate warmth."
        },
        {
          "title": "Faucets & Sinks",
          "imageUrl": "the-technician-checking-the-heating-system.webp",
          "description": "Professional repair and installation to keep your faucets and sinks leak-free and functional. We offer a wide selection of styles to match your decor and improve your home's efficiency."
        },
        {
          "title": "Water Conservation",
          "imageUrl": "the-technician-checking-the-heating-system.webp",
          "description": "Effective solutions to reduce water usage and lower utility bills while conserving resources. Our conservation strategies help you save money and protect the environment."
        },
        {
          "title": "Bathroom Remodeling",
          "imageUrl": "the-technician-checking-the-heating-system.webp",
          "description": "Transform your bathroom with expert remodeling services for improved functionality and style. We work with you to design a bathroom that meets your needs and enhances your home’s value."
        },
        {
          "title": "Water Systems",
          "imageUrl": "the-technician-checking-the-heating-system.webp",
          "description": "Keep your water system running smoothly with our maintenance and repair services. We provide solutions to ensure your water is clean, safe, and reliable for your family or business."
        },
        {
          "title": "Slab Leaks",
          "imageUrl": "the-technician-checking-the-heating-system.webp",
          "description": "Detect and repair hidden slab leaks quickly to prevent property damage. Our advanced techniques locate and fix leaks before they cause serious structural issues."
        },
        {
          "title": "Sump Pumps",
          "imageUrl": "the-technician-checking-the-heating-system.webp",
          "description": "Install and maintain sump pumps to protect your basement from flooding. We ensure your sump pump system is fully functional to keep your property dry during heavy rains."
        },
        {
          "title": "Drain Cleaning",
          "imageUrl": "the-technician-checking-the-heating-system.webp",
          "description": "Efficient drain cleaning services to remove blockages and restore proper flow. We use advanced techniques to clear clogs quickly, preventing future plumbing issues."
        },
        {
          "title": "Drain Repair",
          "imageUrl": "the-technician-checking-the-heating-system.webp",
          "description": "Reliable drain repair services to fix leaks, cracks, and other issues. Our repairs ensure your drains function smoothly, preventing water damage and costly repairs."
        },
        {
          "title": "Sewer Lines",
          "imageUrl": "the-technician-checking-the-heating-system.webp",
          "description": "Comprehensive sewer line services, including inspections, repairs, and replacements. We keep your sewer system operating efficiently, preventing backups and health hazards."
        },
        {
          "title": "Gas Lines",
          "imageUrl": "the-technician-checking-the-heating-system.webp",
          "description": "Safe and professional gas line installation and repair services to protect your home or business. We address any gas line issues promptly, ensuring your property remains safe and secure."
        },
        {
          "title": "Leak Detection and Repair",
          "imageUrl": "the-technician-checking-the-heating-system.webp",
          "description": "Advanced leak detection and repair services to identify and fix leaks before they cause damage. Our precise methods locate leaks quickly, saving you time and money."
        },
        {
          "title": "Toilet Repair",
          "imageUrl": "the-technician-checking-the-heating-system.webp",
          "description": "Professional toilet repair services to fix clogs, leaks, and other issues. We restore your toilet to full functionality, ensuring your bathroom remains comfortable and convenient."
        }
      ]
