{
  "texas-tx": {
    "name": "Texas",
    "slug": "texas-tx",
    "value": "state",
    "metaTitle": "Expert Dryer Vent Cleaning Service - Call Now!",
    "metaDescription": "Star Dryer Vent Cleaning provides professional dryer vent cleaning services in USA. Call (888) 271-6884.",
    "metaCanonical": "",
    "bannerImage": "plumber-cleaning-clogged-pipe.webp",
    "h1Banner": "Best Licensed & Certified Plumbers in Texas",
    "h2": "Expert Plumbing Solutions in Texas",
    "p2": "Are you facing plumbing issues at home and unsure who to trust? At Kleanr, we know how crucial it is to have a dependable plumbing system. Our team of highly trained plumbers in Houston is here to ensure your system runs smoothly, handling any challenge with expertise and care. We take pride in not just resolving issues but also improving the efficiency of your plumbing. With us, you can count on us to keep your home comfortable and worry-free, delivering peace of mind with every visit.",
    "h2Image": "uses-a-screwdriver-for-repairs-plumber.webp",
    "h3": "Plumbing Repair Service",
    "p3": "When plumbing issues arise, swift and effective repairs are crucial to avoid further damage. At [client_name], we specialize in comprehensive plumbing repairs for all types of systems. Our experienced team quickly diagnoses the problem and implements reliable solutions to restore your system’s functionality. From leaky pipes to complex issues, we handle repairs with precision and care, ensuring your home or business runs smoothly again.",
    "needsSection": {
      "title": "Why Choose Kleanr for Your Plumbing Needs?",
      "description": "Hiring a professional plumber from Kleanr in Texas, TX comes with numerous benefits, including:",
      "needslist": [
        {
          "title": "Experienced Team",
          "description": "Our licensed plumbers bring years of expertise and a deep understanding of Texas-specific plumbing challenges."
        },
        {
          "title": "Advanced Tools & Technologies",
          "description": "We use the latest equipment to quickly and effectively diagnose and resolve any plumbing issue."
        },
        {
          "title": "24/7 Availability",
          "description": "We’re always ready to help, offering round-the-clock service for all your plumbing needs."
        },
        {
          "title": "Customer-Centric Approach",
          "description": "We are dedicated to ensuring your complete satisfaction, from the first call to the final fix."
        }
      ]
    },
    "h4": "Plumbing Installation Service",
    "p4": "Proper installation is the foundation of a reliable plumbing system. [client_name] offers expert plumbing installation services, ensuring that every component is correctly fitted and fully operational. Whether you’re renovating, building new, or upgrading existing systems, our skilled plumbers use the latest techniques and high-quality materials to ensure long-lasting performance and efficiency in your plumbing setup.",
    "h5": "Plumbing Maintenance Service",
    "p5": "Regular maintenance is key to preventing unexpected plumbing problems and extending the life of your system. [client_name] provides thorough plumbing maintenance services, including inspections and routine check-ups to identify and address potential issues before they become major concerns. Our proactive approach helps maintain the efficiency and reliability of your plumbing, saving you time and money in the long run.",
    "h5Image": "uses-a-screwdriver-for-repairs-plumber.webp",
    "h6": "Get Fast, Reliable Plumbing Services Today!",
    "p6": "Plumbing issues can strike at any time, causing major disruptions. At [client_name], we offer fast, reliable plumbing services across Texas, with 24/7 emergency support. Our licensed, experienced plumbers handle everything from simple repairs to complex installations, ensuring top-quality results every time. We prioritize swift, efficient service to minimize stress and damage, keeping your home or business running smoothly. Trust [client_name] for professional, dependable plumbing solutions whenever you need them.",
    "h6Image": "uses-a-screwdriver-for-repairs-plumber.webp",
    "h7": "The Rich History of Texas",
    "p7": "Texas has a rich history that has shaped its unique identity. From its time as an independent republic to its role in key events like the Battle of the Alamo and the Civil War, Texas has always been a symbol of innovation and resilience. Over the years, it has grown into a powerful economic force, known for its contributions to oil, technology, and agriculture. Today, Texas represents strength and diversity, and at [client_name], we are proud to serve this great state by providing expert plumbing services that enhance the comfort and safety of Texas homes and businesses.",
    "h7Image": "texas.webp",
    "reviews": [
      {

        "name": "Emily R",
        "content": "I had a plumbing emergency in the middle of the night, and the team responded quickly! They fixed the issue in no time and were incredibly professional. It's rare to find such reliable service in Texas."
      },
      {
        "name": "Carlos M",
        "content": "The service was outstanding! The plumber arrived on time, diagnosed the problem quickly, and had everything fixed in a matter of hours. I’m so glad I chose them for my plumbing needs in Houston."
      },
      {
        "name": "Linda S",
        "content": "From start to finish, the entire experience was smooth and hassle-free. The plumber was knowledgeable and took the time to explain what needed to be done. I’ll definitely recommend them to anyone in Austin."
      },
      {
        "name": "James P",
        "content": "I’ve dealt with many plumbing companies over the years, but this one stands out. They provided excellent service, were courteous, and made sure everything was working perfectly before leaving. A top choice in San Antonio!"
      },
      {
        "name": "Rachel Thompson",
        "content": "The team was fantastic! They handled a complicated plumbing issue with ease and were very respectful of my home. I’ve found my go-to plumbers in Fort Worth!"
      },
      {
        "name": "Michael Harris",
        "content": "Prompt, professional, and efficient—these guys know their stuff! They quickly resolved the plumbing issue I was having and provided tips to prevent future problems. Highly recommend their service to anyone in El Paso."
      }
    ],
    "topSight": [
      {
        "name": "The Alamo",
        "image": "uss-alabama-battleship-memorial-park.jpg",
        "description": "Historic site of the 1836 battle; symbol of Texan independence."
      },
      {
        "name": "Houston Space Center",
        "image": "barber-vintage-motorsports-museum.jpg",
        "description": "NASA's astronaut training and mission control center, showcasing space exploration."
      },
      {
        "name": "Big Bend National Park",
        "image": "gulf-state-park-alabama.jpg",
        "description": "Vast landscapes, diverse wildlife, and stunning outdoor activities in the Texas desert."
      },
      {
        "name": "San Antonio River Walk",
        "image": "birmingham-civil-rights-institute-alabama.jpg",
        "description": "Scenic riverside walkways, vibrant dining, and entertainment in the heart of San Antonio."
      },
      {
        "name": "Texas State Capitol",
        "image": "legacy-museum-alabama.jpg",
        "description": "Majestic historic building in Austin, representing Texas's government and rich history."
      },
      {
        "name": "Palo Duro Canyon",
        "image": "mcwane-science-center-alabama.jpg",
        "description": "The second-largest canyon in the U.S., offering breathtaking views and outdoor adventures."
      }
    ],
    "neighbourhoods": "The Heights | River Oaks | Montrose | Midtown | West University Place | Museum District | Memorial | Galleria | Bellaire | Upper Kirby | Rice Military | Tanglewood | Garden Oaks | EaDo | Uptown | Braeswood | Clear Lake | Spring Branch | Greenway Plaza | Westbury",
    "zipCodes": "77002 | 77004 | 77005 | 77006 | 77007 | 77008 | 77009 | 77019 | 77024 | 77027 | 77030 | 77036 | 77042 | 77056 | 77057 | 77063 | 77077 | 77079 | 77082 | 77098"
  },
  "houston-tx": {
    "name": "Houston",
    "slug": "houston-tx",
    "metaTitle": "Expert Dryer Vent Cleaning Service - Call Now!",
    "metaDescription": "Star Dryer Vent Cleaning provides professional dryer vent cleaning services in USA. Call (888) 271-6884.",
    "metaCanonical": "",
    "bannerImage": "plumber-cleaning-clogged-pipe.webp",
    "h1Banner": "Best Licensed & Certified Plumbers in Houston, TX",
    "h2": "Are You Searching For Expert Plumbing Services in Houston?",
    "p2": "Houston is the fourth-largest city in the United States, with over 2.3 million residents. As the city grows, the demand for the best plumbing services increases. <br/><br/>Since 1983, Kleanr has been a dedicated company in Houston, TX. All our plumbers are fully expert, licensed, and committed to providing you with the best plumbing service in Houston. Our plumbers have the proper knowledge, experience, and expertise to handle all plumbing issues correctly and safely. <br/><br/>Whether it's a repair, installation, or maintenance, you can always trust our local experts to deliver top-quality service. We pride ourselves on being reliable, friendly, and easy to work with, ensuring that your plumbing needs are met with professionalism and care.",
    "h2Image": "uses-a-screwdriver-for-repairs-plumber.webp",
    "h3": "Find the Cost-effective & Top-Rated Plumber in Houston, TX",
    "p3": "If you are searching for an affordable plumber near you who can deliver fast reliable, and expert plumbing services, look no further than Kleanr. Our team of adept professionals is dedicated to providing top-notch solutions around Houston for both residential plumbing and commercial clients. <br/><br/>We offer cost-effective services that don’t compromise on quality, ensuring your plumbing requirements are met efficiently and affordably. No matter what your plumbing needs are, we're here to help. We’re here to provide fast, dependable service—just call us at [contact_number].",
    "needsSection": {
      "title": "Consider kleanr for All Your Plumbing Needs",
      "description": "Hiring a professional plumber from Kleanr in Houston, TX comes with numerous benefits, including:",
      "needslist": [
        {
          "title": "Expertise",
          "description": "Our plumbers are highly trained and experienced, ensuring that all repairs and installations are done right the first time."
        },
        {
          "title": "Efficiency",
          "description": "We work quickly and efficiently to minimize disruption to your home or business."
        },
        {
          "title": "Safety",
          "description": "Our team adheres to all safety regulations and best practices, protecting your property and loved ones."
        },
        {
          "title": "Cost-Effective Solutions",
          "description": "We provide solutions that not only fix the problem but also prevent future issues, saving you money in the long run."
        }
      ]
    },
    "h4": "Houston Regulations and Permits",
    "p4": "In Houston, local regulations and permits are crucial in any plumbing project. If you plan to do plumbing work, it's important to know that most tasks, such as installing new pipes or repairing major issues, require a permit. This ensures that the work meets safety standards and complies with city codes. Getting the right permits helps avoid potential fines or complications down the line. If you're unsure about what permits you need, don't worry—we're here to help guide you through the process and make it easy.",
    "h5": "Residential Plumbing Services in Houston, TX",
    "p5": "<p><span style=font-size:11pt;>A well-functioning plumbing system is essential for a comfortable home. At  Kleanr, we offer professional residential plumbing services designed to keep your home running smoothly. Whether you need a simple repair, a new installation, or regular maintenance, our skilled team is here to help with all your plumbing needs.</span></p> <p><span style=font-size:11pt;>We proudly serve a variety of residential spaces, including:</span></p> <ul>     <li style=list-style-type:disc;font-size:11pt;>         <p><span style=font-size:11pt;>Single-Family Homes</span></p>     </li>     <li style=list-style-type:disc;font-size:11pt;>         <p><span style=font-size:11pt;>Apartments and Condos</span></p>     </li>     <li style=list-style-type:disc;font-size:11pt;>         <p><span style=font-size:11pt;>Townhouses</span></p>     </li>     <li style=list-style-type:disc;font-size:11pt;>         <p><span style=font-size:11pt;>Mobile Homes</span></p>     </li>     <li style=list-style-type:disc;font-size:11pt;>         <p><span style=font-size:11pt;>Duplexes and Multi-Family Homes</span></p>     </li>     <li style=list-style-type:disc;font-size:11pt;>         <p><span style=font-size:11pt;>Rental Properties</span></p>     </li> </ul> <p><br></p> <p><span style=font-size:11pt;>We&rsquo;ve successfully completed over 744+ residential plumbing installation and repair projects. Some of our most notable projects include work in neighborhoods like River Oaks, West University Place, The Heights, Memorial, and Bellaire.</span></p>",
    "h5Image": "uses-a-screwdriver-for-repairs-plumber.webp",
    "h6": "Commercial Plumbing Services in Houston, TX ",
    "p6": "<div><span style=font-size:11pt;>Reliable plumbing is essential for any commercial property to keep things running smoothly. Whether you own a small outlet or manage a large facility,  Kleanr provides expert commercial plumbing services tailored to your specific needs. Our team handles everything from routine maintenance to emergency repairs, ensuring your business operates without interruption.</span></div> <div><span style=font-size:11pt;>We proudly serve a variety of commercial spaces and have completed numerous plumbing tasks, including:</span></div> <ul>     <li style=list-style-type:disc;font-size:11pt;>         <div><strong><span style=font-size:11pt;>Restaurants &amp; Hotels</span></strong><span style=font-size:11pt;>: We&apos;ve completed over 73 plumbing tasks, recently servicing the well-loved&nbsp;</span><strong><span style=font-size:11pt;>Pappadeaux Seafood Kitchen</span></strong><span style=font-size:11pt;>, a favorite among Houstonians.</span></div>     </li>     <li style=list-style-type:disc;font-size:11pt;>         <div><strong><span style=font-size:11pt;>Retail Stores</span></strong><span style=font-size:11pt;>: Covering more than 24 outlets in Houston, one of our latest projects was at the iconic&nbsp;</span><strong><span style=font-size:11pt;>Galleria Mall</span></strong><span style=font-size:11pt;>.</span></div>     </li>     <li style=list-style-type:disc;font-size:11pt;>         <div><strong><span style=font-size:11pt;>Shopping Centers</span></strong><span style=font-size:11pt;>: We&apos;ve handled several plumbing repair and installation projects. We&rsquo;ve provided services for&nbsp;</span><strong><span style=font-size:11pt;>The Houston Premium Outlets</span></strong><span style=font-size:11pt;>, a key destination for shoppers.</span></div>     </li>     <li style=list-style-type:disc;font-size:11pt;>         <div><strong><span style=font-size:11pt;>Hospitals &amp; Healthcare Clinics</span></strong><span style=font-size:11pt;>: Tailor approximately 50+ healthcare centers, and one of them is&nbsp;</span><strong><span style=font-size:11pt;>Houston Methodist Hospital</span></strong><span style=font-size:11pt;>.</span></div>     </li>     <li style=list-style-type:disc;font-size:11pt;>         <div><strong><span style=font-size:11pt;>Schools &amp; Universities</span></strong><span style=font-size:11pt;>: We&apos;ve worked with several local schools and universities, such as&nbsp;</span><strong><span style=font-size:11pt;>Rice University, The Village School, and many more</span></strong><span style=font-size:11pt;>.</span></div>     </li> </ul>",
    "h6Image": "uses-a-screwdriver-for-repairs-plumber.webp",
    "h7": "History of Houston",
    "p7": "Houston, the largest city in Texas, is known for its rich history, diverse culture, and thriving economy. Founded in 1836, Houston has grown from a small town to a bustling metropolis, playing a significant role in the oil and energy industries. Today, it is a city that blends tradition with innovation, making it one of the most dynamic and exciting places to live and work in the United States. At Kleanr, we proudly serve this vibrant city and provide expert plumbing services for residents and businesses.",
    "h7Image": "texas.webp",
    "reviews": [
      {

        "name": "Carlos, Encinitas",
        "content": "I never realized how much a clogged dryer vent could affect my energy bill! After Star Dryer Vent Cleaning cleaned out years of lint, my dryer works faster, and I've seen a noticeable decrease in my monthly costs. A game-changer!"
      },
      {
        "name": "Priya, Carmel Valley, CA",
        "content": "Safety first is my motto, and getting my dryer vent cleaned by Star Dryer Vent Cleaning was a smart move. Their team was thorough and explained how a clean vent significantly reduces fire risks. I'm feeling much safer now, thanks to their professional service in Carmel Valley. "
      },
      {
        "name": "Derek, Del Mar, CA",
        "content": "Superb customer service and an eye for detail from Star Dryer Vent Cleaning. They not only cleaned the vent in my Del Mar home but also checked for any potential hazards. Their preventive advice was invaluable. I highly recommend their services for anyone looking for peace of mind.  "
      },
      {
        "name": "Miguel, Austin, TX",
        "content": "After noticing my dryer was taking longer to dry clothes, I called Star Dryer Vent Cleaning for help. They were quick to respond and serviced my home in Austin, Texas. The difference was immediate – my dryer is more efficient, and I'm saving on energy bills. A big thanks to the Star team!"
      },
      {
        "name": "Jessica, New York City, NY",
        "content": "Residing in NYC, the importance of dryer vent cleaning never really crossed my mind until I found myself in need of a trustworthy company. That's when a friend stepped in and recommended Star Dryer Vent Cleaning. True to their reputation, their team was the epitome of professionalism, efficiency, and knowledge. "
      },
      {
        "name": "Alex, Brooklyn, NY",
        "content": "Star Dryer Vent Cleaning saved the day in Brooklyn! They expertly cleaned my clogged dryer vent, preventing a potential fire hazard. The service was quick, clean, and very effective. Plus, their tips on maintaining my vent were invaluable. I'm recommending them to all my friends in New York."
      }
    ],
    "topSight": [
      {
        "name": "USS ALABAMA Battleship Memorial Park",
        "image": "uss-alabama-battleship-memorial-park.jpg",
        "description": "A historic WWII battleship turned museum, allowing visitors to explore naval life and history"
      },
      {
        "name": "Barber Vintage Motorsports Museum",
        "image": "barber-vintage-motorsports-museum.jpg",
        "description": "Showcases an extensive collection of vintage motorcycles and race cars, celebrating motorsports history."
      },
      {
        "name": "Gulf State Park",
        "image": "gulf-state-park-alabama.jpg",
        "description": "Offers beautiful beaches, nature trails, and a variety of outdoor activities, nestled along the Gulf of Mexico."
      },
      {
        "name": "Birmingham Civil Rights Institute",
        "image": "birmingham-civil-rights-institute-alabama.jpg",
        "description": "An engaging museum that provides an in-depth look at the Civil Rights Movement in the United States."
      },
      {
        "name": "Legacy Museum",
        "image": "legacy-museum-alabama.jpg",
        "description": "Explores America's legacy of slavery, segregation, and the quest for racial equality, located in Montgomery."
      },
      {
        "name": "McWane Science Center",
        "image": "mcwane-science-center-alabama.jpg",
        "description": " A family-friendly interactive science museum in Birmingham, offering educational exhibits and an IMAX theater."
      }
    ],
    "pricingSection": {
      "title": "Estimated Plumbing Costs for Repairs and Installations in Houston, TX",
      "description": "Understanding the cost of plumbing repairs and installations in Houston, TX, is essential for effective planning and budgeting. Minor repairs usually range from $100 to $300, but costs can increase if the issue is more complex. Call us at [contact_number] for a free quote for an exact repair price.<br/><br/>For installations, the price can vary widely depending on the specific project and other factors, such as the type of equipment and the scope of work involved. Knowing these variables can help you better prepare for your plumbing needs. Get a detailed installation estimate by calling us at [contact_number]. Other aspects are good to know:",
      "list": [
        {
          "title": "Hourly Rates",
          "description": "Plumbers in Houston charge different hourly rates depending on their level of expertise. Apprentice plumbers might charge between $15 and $35 per hour, while master plumbers with the highest level of experience can charge from $40 to $55 per hour or more, depending on the job's complexity. Call us at [contact_number] for the best hourly rates for your project."
        },
        {
          "title": "Flat-Rate Fees",
          "description": "In Houston, flat-rate plumbing services provide clear pricing upfront. For example, unclogging a drain typically costs $100 to $300. Opting for a $200 flat fee can save you money. Contact us at [contact_number] to get a quote and avoid surprises. Larger jobs like burst pipe repairs might reach $2,000, but flat-rate pricing ensures no surprises—just reliable service at a set price. We offer special deals and discounts on select days, so it's worth calling us at [contact_number] for the best price."
        }
      ]
    },
    "seasonSection": {
      "ttile": "Seasonal Plumbing Tips to Keep Your Houston Home Running Smoothly",
      "list": [
        {
          "title": "Winter: Protect Your Entire Plumbing System",
          "description": "<ul>     <li style='list-style-type:disc;font-size:11pt;'>         <p><strong><span style='font-size:11pt;'>Prevent frozen pipes</span></strong><span style='font-size:11pt;'>: Insulate all exposed pipes to avoid freezing during cold snaps.</span></p>     </li>     <li style='list-style-type:disc;font-size:11pt;'>         <p><strong><span style='font-size:11pt;'>Water heater efficiency</span></strong><span style='font-size:11pt;'>: Check your water heater&rsquo;s performance to ensure it can handle increased usage during the colder months.</span></p>     </li>     <li style='list-style-type:disc;font-size:11pt;'>         <p><strong><span style='font-size:11pt;'>Prevent leaks</span></strong><span style='font-size:11pt;'>: Inspect all fixtures and connections for potential leaks that could worsen in freezing temperatures.</span></p>     </li> </ul> <p><strong><span style='font-size:11pt;'>Outdoor plumbing care</span></strong><span style='font-size:11pt;'>: Disconnect and drain outdoor hoses and faucets to prevent damage.</span></p>"
        },
        {
          "title": "Spring: Prepare for Seasonal Plumbing Challenges",
          "description": "<p></p> <ul>     <li style='list-style-type:disc;font-size:11pt;'>         <p><strong><span style='font-size:11pt;'>Gutter and drain management</span></strong><span style='font-size:11pt;'>: Clear gutters and drains to handle the increased rainfall, preventing water damage.</span></p>     </li>     <li style='list-style-type:disc;font-size:11pt;'>         <p><strong><span style='font-size:11pt;'>Sump pump check</span></strong><span style='font-size:11pt;'>: Ensure your sump pump works properly to avoid basement flooding during heavy rains.</span></p>     </li>     <li style='list-style-type:disc;font-size:11pt;'>         <p><strong><span style='font-size:11pt;'>Sewer line inspection</span></strong><span style='font-size:11pt;'>: Check sewer lines for potential blockages that could be worsened by tree roots growing in the spring.</span></p>     </li>     <li style='list-style-type:disc;font-size:11pt;'>         <p><strong><span style='font-size:11pt;'>Prevent moisture buildup</span></strong><span style='font-size:11pt;'>: Inspect for leaks that could lead to mold or mildew with the increased humidity.</span></p>     </li> </ul>"
        },
        {
          "title": "Summer: Address High Water Usage and Pressure",
          "description": "<ul>     <li style='list-style-type:disc;font-size:11pt;'>         <p><strong><span style='font-size:11pt;'>Irrigation system check</span></strong><span style='font-size:11pt;'>: Inspect your irrigation system for leaks or inefficiencies, as it will be used more frequently.</span></p>     </li>     <li style='list-style-type:disc;font-size:11pt;'>         <p><strong><span style='font-size:11pt;'>Cooling system plumbing</span></strong><span style='font-size:11pt;'>: Ensure your air conditioning and related plumbing systems are in good shape to handle the summer heat.</span></p>     </li>     <li style='list-style-type:disc;font-size:11pt;'>         <p><strong><span style='font-size:11pt;'>Water pressure management</span></strong><span style='font-size:11pt;'>: Monitor for changes in water pressure, which could indicate a need for repairs due to the high demand during summer.</span></p>     </li>  <li style='list-style-type:disc;font-size:11pt;'>         <p><strong><span style='font-size:11pt;'>Outdoor plumbing maintenance</span></strong><span style='font-size:11pt;'>: Regularly check outdoor faucets and sprinklers to prevent leaks and water waste.</span></p>     </li> </ul>"
        },
        {
          "title": "Fall: Prepare for Cooler Weather and System Efficiency",
          "description": "<ul>     <li style='list-style-type:disc;font-size:11pt;'>         <p><strong><span style='font-size:11pt;'>Water heater maintenance</span></strong><span style='font-size:11pt;'>: Service your water heater before winter to ensure it&rsquo;s operating efficiently for the colder months.</span></p>     </li>     <li style='list-style-type:disc;font-size:11pt;'>         <p><strong><span style='font-size:11pt;'>Drainage system inspection</span></strong><span style='font-size:11pt;'>: Check all drainage systems to ensure they&rsquo;re clear before the leaves start falling and causing blockages.</span></p>     </li>     <li style='list-style-type:disc;font-size:11pt;'>         <p><strong><span style='font-size:11pt;'>Check insulation</span></strong><span style='font-size:11pt;'>: Make sure your plumbing system is adequately insulated, especially if winter comes early.</span></p>     </li>     <li style='list-style-type:disc;font-size:11pt;'>         <p><strong><span style='font-size:11pt;'>Inspect for leaks</span></strong><span style='font-size:11pt;'>: Look for and repair any leaks in the plumbing system to prevent problems when temperatures drop.</span></p>     </li> </ul>"
        }
      ]
    },
    "neighbourhoods": "The Heights | River Oaks | Montrose | Midtown | West University Place | Museum District | Memorial | Galleria | Bellaire | Upper Kirby | Rice Military | Tanglewood | Garden Oaks | EaDo | Uptown | Braeswood | Clear Lake | Spring Branch | Greenway Plaza | Westbury",
    "zipCodes": "77002 | 77004 | 77005 | 77006 | 77007 | 77008 | 77009 | 77019 | 77024 | 77027 | 77030 | 77036 | 77042 | 77056 | 77057 | 77063 | 77077 | 77079 | 77082 | 77098"
  }
  
}